{
  "builtin_entity_scope": [],
  "config": {
    "unit_name": "tfidf_vectorizer",
    "use_stemming": false,
    "word_clusters_name": null
  },
  "language_code": "en",
  "vectorizer": {
    "idf_diag": [
      4.693866995624976,
      5.61015772749913,
      5.61015772749913,
      4.511545438831021,
      4.106080330722856,
      4.693866995624976,
      3.2587824703356527,
      4.000719815065031,
      4.106080330722856,
      4.693866995624976,
      4.106080330722856,
      3.2587824703356527,
      4.2238633663792395,
      5.204692619390966,
      5.61015772749913,
      2.5191152741408147,
      2.3520611894776486,
      2.5191152741408147,
      2.2428618975126566,
      3.4700915640028596,
      4.357394759003762,
      3.0074680420547466,
      3.2587824703356527,
      3.2587824703356527,
      2.589732841354768,
      3.2587824703356527,
      4.693866995624976,
      4.357394759003762,
      4.917010546939185,
      4.106080330722856,
      3.6642475784438173,
      4.357394759003762,
      4.106080330722856,
      4.917010546939185,
      3.4700915640028596,
      4.917010546939185,
      4.693866995624976,
      4.917010546939185,
      3.0452083700375936,
      4.917010546939185,
      4.357394759003762,
      2.9021075263969207,
      4.917010546939185,
      5.204692619390966,
      5.204692619390966,
      4.917010546939185,
      5.204692619390966,
      5.204692619390966,
      5.204692619390966,
      5.61015772749913,
      4.693866995624976,
      3.6642475784438173,
      4.2238633663792395,
      3.8183982582710754,
      4.693866995624976,
      3.5952547069568657,
      3.2587824703356527,
      4.693866995624976,
      5.204692619390966,
      5.204692619390966,
      3.2587824703356527,
      4.917010546939185,
      4.917010546939185,
      4.693866995624976,
      3.2587824703356527,
      5.204692619390966,
      5.204692619390966,
      2.3330129945069538,
      4.511545438831021,
      3.21226245470076,
      4.917010546939185,
      4.357394759003762,
      3.2587824703356527,
      5.204692619390966
    ],
    "vocab": {
      "100": 0,
      "34": 1,
      "6": 2,
      "activate": 3,
      "adjust": 4,
      "back": 5,
      "by": 6,
      "celsius": 7,
      "change": 8,
      "close": 9,
      "decrease": 10,
      "degrees": 11,
      "down": 12,
      "driver": 13,
      "drivers": 14,
      "entityfeaturehvac_fan_speed_action": 15,
      "entityfeaturehvac_fan_speed_value": 16,
      "entityfeaturehvac_temperature_action": 17,
      "entityfeaturehvac_temperature_value": 18,
      "entityfeaturemedia_player_action": 19,
      "entityfeaturemedia_player_value": 20,
      "entityfeatureturn_signal_direction": 21,
      "entityfeaturewindow_action": 22,
      "entityfeaturewindow_name": 23,
      "entityfeaturewindow_value": 24,
      "fan": 25,
      "five": 26,
      "forty": 27,
      "go": 28,
      "increase": 29,
      "left": 30,
      "media": 31,
      "music": 32,
      "next": 33,
      "on": 34,
      "open": 35,
      "passenger": 36,
      "pause": 37,
      "percent": 38,
      "play": 39,
      "player": 40,
      "please": 41,
      "previous": 42,
      "put": 43,
      "quarters": 44,
      "rear": 45,
      "rear_left": 46,
      "rear_right": 47,
      "rearleft": 48,
      "rearright": 49,
      "resume": 50,
      "right": 51,
      "roll": 52,
      "set": 53,
      "seventy": 54,
      "side": 55,
      "signal": 56,
      "six": 57,
      "skip": 58,
      "song": 59,
      "speed": 60,
      "start": 61,
      "stop": 62,
      "switch": 63,
      "temperature": 64,
      "ten": 65,
      "thirty": 66,
      "to": 67,
      "track": 68,
      "turn": 69,
      "twenty": 70,
      "up": 71,
      "window": 72,
      "would": 73
    }
  }
}